{
  "spider": "./custom_spider.jar;md5;43989964965deab2a4b6b48251043412",
  "wallpaper": "https://bing.img.run/rand.php",
  "lives": [
    {
      "name": "feiyang.allinone",
      "type": 0,
      "url": "http://127.0.0.1:35457/tv.m3u",
      "ua": "okhttp/3.15",
      "epg": "http://epg.51zmt.top:8000/api/diyp/?ch={name}&date={date}",
      "logo": "https://epg.112114.xyz/logo/{name}.png"
    },
    {
      "name": "feiyang.bililive",
      "type": 0,
      "url": "http://127.0.0.1:35457/bililive.m3u",
      "ua": "okhttp/3.15",
      "epg": "http://epg.51zmt.top:8000/api/diyp/?ch={name}&date={date}",
      "logo": "https://epg.112114.xyz/logo/{name}.png"
    },
    {
      "name": "feiyang.huyayqk",
      "type": 0,
      "url": "http://127.0.0.1:35457/huyayqk.m3u",
      "ua": "okhttp/3.15",
      "epg": "http://epg.51zmt.top:8000/api/diyp/?ch={name}&date={date}",
      "logo": "https://epg.112114.xyz/logo/{name}.png"
    },
    {
      "name": "feiyang.douyuyqk",
      "type": 0,
      "url": "http://127.0.0.1:35457/douyuyqk.m3u",
      "ua": "okhttp/3.15",
      "epg": "http://epg.51zmt.top:8000/api/diyp/?ch={name}&date={date}",
      "logo": "https://epg.112114.xyz/logo/{name}.png"
    },
    {
      "name": "feiyang.yylunbo",
      "type": 0,
      "url": "http://127.0.0.1:35457/yylunbo.m3u",
      "ua": "okhttp/3.15",
      "epg": "http://epg.51zmt.top:8000/api/diyp/?ch={name}&date={date}",
      "logo": "https://epg.112114.xyz/logo/{name}.png"
    }
  ],
  "sites": [
    {
      "key": "Tg | 豆瓣",
      "name": "Tg | 豆瓣",
      "type": 3,
      "api": "csp_TgYunDouBanPan",
      "searchable": 1,
      "changeable": 0,
      "ext": {
        "siteUrl": "http://127.0.0.1:9999",
        "channelUsername": "ucpanpan,ydypzyfx,tianyi_pd2,hao115,guaguale115,longzbija,dianyingshare,XiangxiuNB,yunpanpan,kuakeyun,zaihuayun,Quark_Movies,alyp_4K_Movies,vip115hot,yunpanshare,ucwangpan,Quark_Share_Channel,Aliyundrive_Share_Channel,shareAliyun,ikiviyyp,wanwansubchat,wangpanziyuan2021,alyp_1,quanziyuanshe",
        "commonConfig": "./json/peizhi.json",
        "filter": "./json/douban.json"
      }
    },
    {
      "key": "ConfigCenter",
      "name": "配置中心",
      "type": 3,
      "api": "csp_ConfigCenter",
      "searchable": 0,
      "changeable": 0,
      "ext": {
        "commonConfig": "./json/peizhi.json"
      }
    },
    {
      "key": "网盘集合",
      "name": "网盘集合|4K",
      "type": 3,
      "api": "csp_网盘集合",
      "searchable": 1,
      "filterable": 0,
      "switchable": 0,
      "ext": {
        "commonConfig": "./json/peizhi.json",
        "share": "./json/网盘集合.json"
      }
    },
    {
      "key": "玩偶 | 蜡笔",
      "name": "玩偶 | 蜡笔",
      "type": 3,
      "api": "csp_kongbai",
      "searchable": 1,
      "changeable": 0,
      "ext": {
        "commonConfig": "./json/peizhi.json",
        "siteUrl": "https://labipan.com/",
        "filter": "./json/wogg.json"
      }
    },
    {
      "key": "玩偶 | 木偶",
      "name": "玩偶 | 木偶",
      "type": 3,
      "api": "csp_kongbai",
      "searchable": 1,
      "changeable": 0,
      "ext": {
        "commonConfig": "./json/peizhi.json",
        "siteUrl": "http://www.muoupan.top/",
        "filter": "./json/wogg.json"
      }
    },
    {
      "key": "玩偶gg",
      "name": "玩偶 | 饭",
      "type": 3,
      "api": "csp_Wogg",
      "searchable": 1,
      "changeable": 0,
      "ext": {
        "commonConfig": "./json/peizhi.json",
        "siteUrl": "https://www.wogg.net/",
        "filter": "./json/wogg.json"
      }
    },
    {
      "key": "Youtube",
      "name": "Youtube",
      "type": 3,
      "api": "csp_Youtube",
      "searchable": 1,
      "changeable": 1,
      "style": {
        "type": "rect",
        "ratio": 1.433
      },
      "ext": {
        "commonConfig": "./json/peizhi.json",
        "json": "./json/youtube.json",
        "cookie": ""
      }
    },
    {
      "key": "lf_live10_min",
      "name": " 路飞丨Live",
      "type": 3,
      "searchable": 0,
      "quickSearch": 1,
      "filterable": 1,
      "changeable": 1,
      "api": "./lib/lf_live10_min-output.js",
      "ext": "./json/lf_live.json"
    },
    {
      "key": "哔哩FM",
      "name": "哔哩",
      "type": 3,
      "api": "csp_Bili",
      "searchable": 1,
      "changeable": 0,
      "style": {
        "type": "rect",
        "ratio": 1.433
      },
      "ext": {
        "json": "./json/bilibili.json",
        "cookie": ""
      }
    },
    {
      "key": "TgYunPan|本地",
      "name": "TgYunPan|本地",
      "type": 3,
      "api": "csp_TgYunPanLocal",
      "searchable": 1,
      "filterable": 0,
      "switchable": 0,
      "ext": {
        "channelUsername": "ucpanpan,ydypzyfx,tianyi_pd2,hao115,guaguale115,longzbija,dianyingshare,XiangxiuNB,yunpanpan,kuakeyun,zaihuayun,Quark_Movies,alyp_4K_Movies,vip115hot,yunpanshare,ucwangpan,Quark_Share_Channel,Aliyundrive_Share_Channel,shareAliyun,ikiviyyp,wanwansubchat,wangpanziyuan2021,alyp_1,quanziyuanshe",
        "commonConfig": "./json/peizhi.json"
      }
    },
    {
      "key": "盘Ta",
      "name": "盘Ta",
      "type": 3,
      "api": "csp_PanTa",
      "searchable": 1,
      "filterable": 0,
      "switchable": 0,
      "ext": {
        "siteUrl": "https://www.91panta.cn/",
        "commonConfig": "./json/peizhi.json"
      }
    },
    {
      "key": "小雷",
      "name": "小雷",
      "type": 3,
      "api": "csp_PanTa",
      "searchable": 1,
      "filterable": 0,
      "switchable": 0,
      "ext": {
        "siteUrl": "https://www.leijing1.com/",
        "commonConfig": "./json/peizhi.json"
      }
    },
    {
      "key": "星剧社",
      "name": "星剧社",
      "type": 3,
      "api": "csp_Star2",
      "searchable": 1,
      "filterable": 0,
      "switchable": 0,
      "ext": {
        "commonConfig": "./json/peizhi.json"
      }
    },
    {
      "key": "易搜",
      "name": "易搜|4K",
      "type": 3,
      "api": "csp_YiSo",
      "searchable": 1,
      "filterable": 0,
      "switchable": 0,
      "ext": {
        "cookie": "",
        "commonConfig": "./json/peizhi.json"
      }
    },
    {
      "key": "盤搜索",
      "name": "盤搜索",
      "type": 3,
      "api": "csp_PanSearch",
      "searchable": 1,
      "changeable": 0,
      "ext": {
        "commonConfig": "./json/peizhi.json"
      }
    },
    {
      "key": "紙條搜",
      "name": "紙條搜",
      "type": 3,
      "api": "csp_XiaoZhiTiao",
      "searchable": 1,
      "changeable": 0,
      "ext": {
        "commonConfig": "./json/peizhi.json"
      }
    },
    {
      "key": "賤賤",
      "name": "賤賤",
      "type": 3,
      "api": "csp_Jianpian",
      "searchable": 1,
      "changeable": 1,
      "ext": "https://ghp.ci/https://raw.githubusercontent.com/FongMi/CatVodSpider/main/json/jianpian.json"
    },
    {
      "key": "AList",
      "name": "AList",
      "type": 3,
      "api": "csp_AList",
      "searchable": 1,
      "changeable": 0,
      "ext": "./json/alist.json"
    },
    {
      "key": "push_agent",
      "name": "推送",
      "type": 3,
      "api": "csp_Push",
      "searchable": 1,
      "filterable": 0,
      "switchable": 0,
      "ext": {
        "commonConfig": "./json/peizhi.json"
      }
    },

    {
      "key": "360资源",
      "name": "360资源-采集",
      "type": 1,
      "api": "https://360zy.com/api.php/seaxml/vod/",
      "searchable": 1,
      "changeable": 1,
      "categories": [
        "国产动漫",
        "日韩动漫",
        "国产剧",
        "韩国剧",
        "日本剧",
        "电影片",
        "连续剧",
        "综艺片",
        "动漫片",
        "动作片",
        "喜剧片",
        "爱情片",
        "科幻片",
        "恐怖片",
        "剧情片",
        "战争片",
        "香港剧",
        "欧美剧",
        "记录片",
        "台湾剧",
        "海外剧",
        "泰国剧",
        "大陆综艺",
        "港台综艺",
        "日韩综艺",
        "欧美综艺",
        "欧美动漫",
        "港台动漫",
        "海外动漫"
      ]
    },
    {
      "key": "非凡",
      "name": "非凡",
      "type": 1,
      "api": "http://api.ffzyapi.com/api.php/provide/vod/",
      "searchable": 1,
      "changeable": 1,
      "categories": [
        "国产动漫",
        "日韩动漫",
        "国产剧",
        "韩国剧",
        "日本剧",
        "电影片",
        "连续剧",
        "综艺片",
        "动漫片",
        "动作片",
        "喜剧片",
        "爱情片",
        "科幻片",
        "恐怖片",
        "剧情片",
        "战争片",
        "香港剧",
        "欧美剧",
        "记录片",
        "台湾剧",
        "海外剧",
        "泰国剧",
        "大陆综艺",
        "港台综艺",
        "日韩综艺",
        "欧美综艺",
        "欧美动漫",
        "港台动漫",
        "海外动漫"
      ]
    },
    {
      "key": "量子",
      "name": "量子",
      "type": 1,
      "api": "https://cj.lziapi.com/api.php/provide/vod/",
      "searchable": 1,
      "changeable": 1,
      "categories": [
        "国产动漫",
        "日韩动漫",
        "国产剧",
        "韩国剧",
        "日本剧",
        "电影片",
        "连续剧",
        "综艺片",
        "动漫片",
        "动作片",
        "喜剧片",
        "爱情片",
        "科幻片",
        "恐怖片",
        "剧情片",
        "战争片",
        "台湾剧",
        "香港剧",
        "欧美剧",
        "记录片",
        "海外剧",
        "泰国剧",
        "大陆综艺",
        "港台综艺",
        "日韩综艺",
        "欧美综艺",
        "欧美动漫",
        "港台动漫",
        "海外动漫",
        "体育",
        "足球",
        "篮球",
        "网球",
        "斯诺克"
      ]
    }
  ],
  "rules": [
    {
      "name": "proxy",
      "hosts": [
        "raw.githubusercontent.com",
        "googlevideo.com",
        "cdn.v82u1l.com",
        "cdn.iz8qkg.com",
        "cdn.kin6c1.com",
        "stream-link.org",
        "hinet.net",
        "koyeb.app",
        "c.biggggg.com",
        "c.olddddd.com",
        "haiwaikan.com",
        "www.histar.tv",
        "youtube.com",
        "uhibo.com",
        ".*boku.*",
        ".*nivod.*",
        "*.t4tv.hz.cz",
        ".*ulivetv.*"
      ]
    }
    ]
}
